Initial Cash,Final Cash,Total Return (%),Buy & Hold Return (%),Total Trades
100000,96340.86701844484,-3.6591329815551585,-3.82384132784275,24
